,Unnamed: 0.1,Unnamed: 0,link,title,spacy_verbs,spacy_nouns,bertopic_verb_id,label
0,75.0,75,https://www.theglobeandmail.com/opinion/article-the-catastrophic-threat-of-thawing-permafrost-hangs-over-us-all/,The catastrophic threat of thawing permafrost hangs over us all,hangs thawing,threat permafrost,-1.0,-1_shows_floating_solve_absorb
1,177.0,177,https://techcrunch.com/2022/07/13/bowery-farming-found-podcast/,Vertical farming founder is reimagining agriculture from the ground up,reimagining,founder ground farming agriculture,-1.0,-1_shows_floating_solve_absorb
2,86.0,86,https://www.uq.edu.au/news/article/2022/09/research-shows-water-fluoridation-safe-children,Research shows water fluoridation is safe for children,shows,fluoridation Research children water,-1.0,-1_shows_floating_solve_absorb
3,85.0,85,https://apnews.com/article/science-health-california-cancer-climate-and-environment-83c87000f5c52692431218842378a089,StudyCancer causing gas leaking from CA stovespipes,leaking causing,gas stovespipes StudyCancer,-1.0,-1_shows_floating_solve_absorb
4,82.0,82,https://www.cbsnews.com/miami/news/scientists-warn-south-florida-coastal-cities-will-be-affected-by-sea-level-rise/,Scientists warn South Florida coastal cities will be affected by sea level rise,warn affected,rise sea level cities Scientists,-1.0,-1_shows_floating_solve_absorb
5,81.0,81,https://www.protocol.com/climate/data-center-climate-risk-assessment,Data centers aren t prepared for the climate crisis,aren prepared,climate Data centers crisis,-1.0,-1_shows_floating_solve_absorb
6,179.0,179,https://techcrunch.com/2020/06/15/cmu-demonstrates-nanoscale-technology-that-causes-plants-to-absorb-nutrients-with-nearly-100-efficiency/,CMU demonstrates nanoscale technology that causes plants to absorb nutrients with nearlyefficiency,absorb causes demonstrates,nearlyefficiency technology nutrients plants,-1.0,-1_shows_floating_solve_absorb
7,77.0,77,https://techcrunch.com/2022/10/07/if-its-agtech-its-climate-change-how-the-crisis-is-shaping-investors-strategies/,If it s agtechit s climate changeHow the crisis is shaping investorsstrategies,s shaping,investorsstrategies climate crisis agtechit,-1.0,-1_shows_floating_solve_absorb
8,97.0,97,https://gizmodo.com/herpes-virus-cancer-treatment-rp2-1849574410,A Cancer Fighting Version of Herpes Shows Promise in Early Human Trial,Shows,,-1.0,-1_shows_floating_solve_absorb
9,157.0,157,https://techcrunch.com/2022/10/31/elon-musk-vine-reboot-poll/,Chief TwitElon Musksignals interest in reviving Vine,reviving,interest,-1.0,-1_shows_floating_solve_absorb
10,67.0,67,https://techcrunch.com/2022/07/08/this-startup-hopes-to-get-us-to-net-zero-via-its-platform-to-construct-wooden-buildings/,This startup hopes to get us to net zero via its platform to construct wooden buildings,construct hopes get,startup buildings platform,-1.0,-1_shows_floating_solve_absorb
11,185.0,185,https://www.techspot.com/news/96463-5g-users-think-technology-has-overhyped-many-fail.html,SomeG users think the technology has been overhypedfail to notice speedimprovements,think notice,technology SomeG users speedimprovements,-1.0,-1_shows_floating_solve_absorb
12,186.0,186,https://www.theguardian.com/commentisfree/2022/sep/26/physics-particles-physicists#comments,No one in physics dares say sobut the race to invent new particles is pointless,invent say,particles dares race physics one,-1.0,-1_shows_floating_solve_absorb
13,64.0,64,https://techcrunch.com/2019/09/29/badass-millennial-women-are-supercharging-startup-investments/,Badass millennial women are supercharging startup investments,supercharging,women Badass investments,-1.0,-1_shows_floating_solve_absorb
14,62.0,62,https://www.bbc.com/news/science-environment-63407459?at_medium=RSS&at_campaign=KARANGA,Climate changeUN warns key warming threshold slipping from sight,slipping warns,threshold Climate warming sight,-1.0,-1_shows_floating_solve_absorb
15,60.0,60,https://techcrunch.com/2022/08/08/bitmain-matrixport-john-ge/,Bitmain co founder welcomes crypto regulation to restore market confidence,restore welcomes,founder market crypto regulation confidence,-1.0,-1_shows_floating_solve_absorb
16,189.0,189,https://www.newscientist.com/article/2337042-two-atomic-clocks-have-been-quantum-entangled-for-the-first-time/,Two atomic clocks have been quantum entangled for the first time,entangled,time clocks,-1.0,-1_shows_floating_solve_absorb
17,71.0,71,https://eandt.theiet.org/content/articles/2022/10/climate-change-closing-daily-temperature-gap-clouds-may-be-to-blame/,Climate change closing daily temperature gapclouds may be to blame,closing blame,Climate change gapclouds temperature,-1.0,-1_shows_floating_solve_absorb
18,99.0,99,https://www.nih.gov/news-events/news-releases/hair-straightening-chemicals-associated-higher-uterine-cancer-risk,Hair straightening chemicals associated with higher uterine cancer risk,straightening associated,chemicals risk cancer Hair,-1.0,-1_shows_floating_solve_absorb
19,204.0,204,https://phys.org/news/2022-08-infrared-wirelessly-transmit-power-meters.html,Researchers use infrared light to wirelessly transmit power overmeters,use transmit,light overmeters Researchers power,-1.0,-1_shows_floating_solve_absorb
20,101.0,101,https://interestingengineering.com/health/breakthrough-cancer-research-dark-matter,Major breakthrough in cancer researchPapers revealdark matterthat contributes to disease s growth,disease contributes,cancer growth revealdark researchPapers breakthrough,-1.0,-1_shows_floating_solve_absorb
21,158.0,158,https://techcrunch.com/2022/10/10/agriwebbs-software-seeks-to-boost-yields-lower-environmental-impacts-for-farmers-and-ranchers/,AgriWebb s software seeks to boost yieldslower environmental impacts for farmers and ranchers,boost seeks,software farmers ranchers impacts,-1.0,-1_shows_floating_solve_absorb
22,151.0,151,https://www.mcgill.ca/newsroom/channels/news/flatworm-inspired-medical-adhesives-stop-blood-loss-342730,Flatworm inspired medical adhesives stop blood loss,inspired stop,loss blood adhesives,-1.0,-1_shows_floating_solve_absorb
23,148.0,148,https://www.eurekalert.org/news-releases/969866,Bats protect young trees from insect damagewith three times fewer bugs,protect,trees times bugs Bats,-1.0,-1_shows_floating_solve_absorb
24,147.0,147,https://www.sciencealert.com/tiny-robots-have-successfully-cleared-pneumonia-from-the-lungs-of-mice,Tiny Robots Have Successfully Cleared Pneumonia From The Lungs of Mice,Cleared,Mice,-1.0,-1_shows_floating_solve_absorb
25,146.0,146,https://techcrunch.com/2020/04/24/replacing-plastic-with-plant-pulp-for-sustainable-packaging-attracts-a-billionaire-backer/,Replacing plastic with plant pulp for sustainable packaging attracts a billionaire backer,attracts Replacing,billionaire plastic backer plant packaging pulp,-1.0,-1_shows_floating_solve_absorb
26,144.0,144,https://news.sky.com/story/worms-saliva-found-to-break-down-plastic-in-major-pollution-breakthrough-12712583,Worm s saliva found to break down plastic in major pollution breakthrough,found break Worm,breakthrough plastic saliva pollution,-1.0,-1_shows_floating_solve_absorb
27,139.0,139,https://www.theverge.com/2022/10/14/23401381/great-lakes-plastic-pollution-cleanup-tech-robots,How a fleet of robots could help solve the Great Lakes plastic pollution problem,help solve,problem robots fleet pollution,-1.0,-1_shows_floating_solve_absorb
28,162.0,162,https://techcrunch.com/2022/05/10/sencrop-predicts-weather-conditions-at-a-microclimate-level-for-farmers/,Sencrop predicts weather conditions at a microclimate level for farmers,predicts,conditions microclimate weather level farmers Sencrop,-1.0,-1_shows_floating_solve_absorb
29,130.0,130,https://techcrunch.com/2020/11/16/sequoia-backed-recycling-robot-maker-amp-robotics-gets-its-largest-purchase-order/,Sequoia backed recycling robot maker AMP Robotics gets its largest purchase order,gets backed,Sequoia robot recycling order purchase maker,-1.0,-1_shows_floating_solve_absorb
30,169.0,169,https://techcrunch.com/2022/09/05/solar-foods-solein/,Solar Foods wants to replace industrial animal farming with a high tech protein harvest,wants replace,protein harvest farming animal tech,-1.0,-1_shows_floating_solve_absorb
31,170.0,170,https://techcrunch.com/2022/10/05/7-investors-discuss-how-agtech-can-solve-agricultures-biggest-problems/,investors discuss how agtech can solve agriculture s biggest problems,solve discuss,problems investors agtech agriculture,-1.0,-1_shows_floating_solve_absorb
32,111.0,111,https://www.technologynetworks.com/cancer-research/news/new-report-shows-decline-in-us-cancer-deaths-continues-367025,New Report Shows Decline in US Cancer Deaths Continues,Shows Continues,,-1.0,-1_shows_floating_solve_absorb
33,110.0,110,https://gizmodo.com/youtube-health-sources-doctors-nurses-1849711635,YouTube Is Making It Easier to Tell the Difference Between Real Doctors and Quacks,Making Tell,Difference Quacks,-1.0,-1_shows_floating_solve_absorb
34,109.0,109,https://interestingengineering.com/health/moderna-merck-personalized-skin-cancer-vaccine,Moderna teams up with Merck for personalized vaccine against skin cancer,teams,vaccine cancer skin,-1.0,-1_shows_floating_solve_absorb
35,108.0,108,https://www.eurekalert.org/news-releases/967916,New Omicron subvariant largely evades neutralizing antibodies,evades antibodies,subvariant neutralizing,-1.0,-1_shows_floating_solve_absorb
36,107.0,107,https://www.theverge.com/2022/10/7/23392375/ai-scan-retina-predict-heart-disease-stroke-risk-machine-learning,AI tool can scan your retina and predict your risk of heart diseaseinseconds or less ,diseaseinseconds scan predict,retina tool heart risk,-1.0,-1_shows_floating_solve_absorb
37,102.0,102,https://techcrunch.com/2017/03/21/the-mednet-launches-its-quora-for-cancer-an-online-medical-knowledge-base/,The Mednet launches itsQuora for cancer an online medical knowledge base,launches,knowledge base cancer itsQuora,-1.0,-1_shows_floating_solve_absorb
38,55.0,55,https://techcrunch.com/2022/07/14/systemiq-vc-70-million-fund-2/,Systemiq secures million to fund early stage climate tech founders,secures fund,stage climate founders tech,-1.0,-1_shows_floating_solve_absorb
39,50.0,50,https://www.thenationalnews.com/travel/news/2022/08/23/worlds-first-floating-pod-homes-launched-in-panama-starting-at-295000/,World s first floating pod homes launched in Panama starting at ,starting launched floating,homes,-1.0,-1_shows_floating_solve_absorb
40,156.0,156,https://nypost.com/2022/10/26/terrifying-video-shows-chinese-robot-attack-dog-with-machine-gun-dropped-by-drone/,Terrifying video shows Chinese robot attack dog with machine gun dropped by drone,shows dropped,drone attack video dog machine gun robot,-1.0,-1_shows_floating_solve_absorb
41,41.0,41,https://www.eenews.net/articles/global-emissions-targets-spell-growth-for-co2-tech-sector/,Global emissions targets spell growth for COtech sector,spell,emissions targets sector growth,-1.0,-1_shows_floating_solve_absorb
42,15.0,15,https://arstechnica.com/science/2022/09/us-installs-record-solar-capacity-as-prices-keep-falling/,US installs record solar capacity as prices keep falling,installs keep falling,record prices capacity,-1.0,-1_shows_floating_solve_absorb
43,16.0,16,https://electrek.co/2022/10/10/wind-turbine-24-hour-power-world-record/,A turbine prototype just broke ahour wind power world record,broke,record power world prototype wind turbine,-1.0,-1_shows_floating_solve_absorb
44,39.0,39,https://techxplore.com/news/2022-10-australia-intercontinental-power-grid.html,Australia backs plan for intercontinental power grid,plan backs,grid power,-1.0,-1_shows_floating_solve_absorb
45,7.0,7,https://www.cnbc.com/2022/09/17/china-testing-floating-car-that-uses-magnets-to-hover-at-143-mph.html,China is testing a magnet powered floating car that goes up to miles per hour take a look,goes floating testing powered take,look hour miles magnet car,-1.0,-1_shows_floating_solve_absorb
46,29.0,29,https://thehill.com/policy/energy-environment/3685583-nasa-suggests-new-space-cooling-technology-could-charge-electric-cars-in-5-minutes/,NASA suggests new space cooling technology could charge electric cars in minutes,suggests cooling charge,minutes cars technology space,-1.0,-1_shows_floating_solve_absorb
47,120.0,120,https://www.digitaltrends.com/mobile/non-invasive-blood-glucose-measurement-wearables-breakthrough/,Sensor breakthrough brings us closer to blood glucose monitoring on wearables,brings,blood monitoring wearables glucose breakthrough,0.0,0_powered_launching_gives_form
48,201.0,201,https://interestingengineering.com/innovation/amazon-spacex-help-launching-starlink-rival,Amazon may have to turn to SpaceX for help launching its Starlink rival service,launching have turn,help service,0.0,0_powered_launching_gives_form
49,14.0,14,https://www.independent.co.uk/tech/solar-power-record-perovskite-renewable-energy-b2191443.html,Solar power world record broken withmiracle material ,broken,record power world withmiracle material,0.0,0_powered_launching_gives_form
50,112.0,112,https://techcrunch.com/2022/08/10/mawi-patch/,Mawi launches a patch to track your heart health faster and in real time,track launches,time health patch heart,0.0,0_powered_launching_gives_form
51,17.0,17,https://www.offshore-energy.biz/worlds-1st-bulker-powered-by-wind-sails-into-port-of-newcastle/,World sst bulker powered by wind sails into Port of Newcastle,powered,bulker World sst wind sails,0.0,0_powered_launching_gives_form
52,200.0,200,https://techcrunch.com/2019/09/11/relativity-space-signs-its-the-satellite-transportation-company-momentus-as-its-first-customer/,Relativity Space signs the satellite transportation company Momentus as a new customer,signs,customer transportation company Relativity satellite,0.0,0_powered_launching_gives_form
53,45.0,45,https://www.washingtonpost.com/climate-environment/2022/10/11/rain-increasing-climate-change-us/?pwapi_token=eyJ0eXAiOiJKV1QiLCJhbGciOiJIUzI1NiJ9.eyJzdWJpZCI6IjQ5NzgxMjU3IiwicmVhc29uIjoiZ2lmdCIsIm5iZiI6MTY2NTUyMzA3MCwiaXNzIjoic3Vic2NyaXB0aW9ucyIsImV4cCI6MTY2NjczMjY3MCwiaWF0IjoxNjY1NTIzMDcwLCJqdGkiOiI5NmQ2Y2ZlYi00NzI4LTQ4NGItYjA1OC01NzUyYTZmOGJkMmIiLCJ1cmwiOiJodHRwczovL3d3dy53YXNoaW5ndG9ucG9zdC5jb20vY2xpbWF0ZS1lbnZpcm9ubWVudC8yMDIyLzEwLzExL3JhaW4taW5jcmVhc2luZy1jbGltYXRlLWNoYW5nZS11cy8ifQ.dNgq8ovACyzvsQj57auaVi2HD3v97xjEVkPMKhyiCHg,Study finds climate change is bringing more intense rains to U S ,bringing finds,rains change climate Study,0.0,0_powered_launching_gives_form
54,20.0,20,https://techcrunch.com/2022/06/22/zap-energy-nets-160m-series-c-to-advance-its-lightning-in-a-bottle-fusion-tech/,Zap Energy nets M Series C to advance its lightning in a bottle fusion tech,advance,lightning nets tech bottle fusion,0.0,0_powered_launching_gives_form
55,106.0,106,https://english.elpais.com/science-tech/2022-10-31/gut-dwelling-bacterium-singled-out-as-the-possible-cause-of-colorectal-cancer.html,Gut dwelling bacterium singled out as the possible cause of colorectal cancer,singled,bacterium cause cancer dwelling,0.0,0_powered_launching_gives_form
56,105.0,105,https://www.hsph.harvard.edu/news/press-releases/political-ideology-of-u-s-elected-officials-linked-with-covid-19-health-outcomes/,Political ideology of U Selected officials linked with COVIDhealth outcomes,linked Selected,outcomes ideology officials,0.0,0_powered_launching_gives_form
57,104.0,104,https://ph.ucla.edu/news/press-release/2022/oct/ucla-fielding-school-public-health-led-research-demonstrates-importance,UCLA Fielding School of Public Health led research demonstrates the importance of influenza vaccination globally,demonstrates led,vaccination importance influenza research,0.0,0_powered_launching_gives_form
58,21.0,21,https://electrek.co/2022/09/23/second-largest-us-electric-school-bus-fleet-just-crossed-500k-miles/,The second largest electric school bus fleet in the US just crossed service miles,crossed,bus service miles school fleet,0.0,0_powered_launching_gives_form
59,22.0,22,https://reneweconomy.com.au/huge-new-nickel-mine-aims-for-100-pct-renewables-with-worlds-biggest-renewable-micro-grid/,Australia s huge new nickel mine will host world s biggest renewable micro grid,host,micro grid mine nickel,0.0,0_powered_launching_gives_form
60,199.0,199,https://www.reuters.com/lifestyle/science/nasas-asteroid-deflecting-dart-spacecraft-nears-planned-impact-with-its-target-2022-09-26/,NASA s DART spacecraft hits target asteroid in first planetary defense test,hits,asteroid target spacecraft test defense,0.0,0_powered_launching_gives_form
61,198.0,198,https://www.sciencenews.org/article/james-webb-space-telescope-stars-earliest-born-sparkler-galaxy,The James Webb Space Telescope spied the earliest born stars yet seen,born seen spied,stars,0.0,0_powered_launching_gives_form
62,98.0,98,https://techcrunch.com/2016/11/30/sensor-studded-suit-helps-track-recovery-of-stroke-patients/,Sensor studded suit helps track recovery of stroke patients,studded helps track,patients recovery suit stroke,0.0,0_powered_launching_gives_form
63,121.0,121,https://newatlas.com/medical/cancer-metastasis-breakthrough-rethink/,Cambridge cancer breakthrough may prompt rethink of metastasis,prompt,cancer rethink Cambridge metastasis breakthrough,0.0,0_powered_launching_gives_form
64,122.0,122,https://9to5mac.com/2022/10/25/apple-watch-blood-oxygen-study/,Study finds Apple Watch blood oxygen sensor is as reliable asmedical grade device ,finds,device blood grade sensor Study oxygen,0.0,0_powered_launching_gives_form
65,128.0,128,https://www.npr.org/2022/10/06/1127227605/boston-dynamics-robots-pledge-against-weapons,Some leading robot makers are pledging not to weaponize them,leading weaponize pledging,makers robot,0.0,0_powered_launching_gives_form
66,194.0,194,https://www.engadget.com/nasa-fixed-glitch-voyager-1-120545004.html,NASA fixed the glitch that caused Voyager to send back jumbled data,jumbled send caused fixed,data glitch,0.0,0_powered_launching_gives_form
67,153.0,153,https://www.npr.org/2022/10/24/1131131088/recycling-plastic-is-practically-impossible-and-the-problem-is-getting-worse,Recycling plastic is practically impossible and the problem is getting worse,getting,Recycling problem plastic,0.0,0_powered_launching_gives_form
68,203.0,203,https://www.theverge.com/2022/8/30/23329998/nasa-artemis-rocket-launch-second-attempt-date-time,NASA moves next Artemis I rocket launch attempt to Septemberrd,moves,rocket attempt launch,0.0,0_powered_launching_gives_form
69,3.0,3,https://apnews.com/article/technology-electric-vehicles-climate-and-environment-92ab74779ba5589708e8211cc0df4663,Cheaper electric vehicles coming despite high battery costs,coming,battery costs vehicles,0.0,0_powered_launching_gives_form
70,150.0,150,https://newsroom.unsw.edu.au/news/science-tech/engineers-light-way-toward-bionics-future?utm_source=reddit&utm_medium=social,Engineers light the way to bionics of the future,light,way Engineers future bionics,0.0,0_powered_launching_gives_form
71,4.0,4,https://www.africanews.com/2022/09/15/undersea-power-cable-to-connect-egypt-to-europe-via-greece/,Undersea power cable to connect Egypt to Europe via Greece,connect,cable power,0.0,0_powered_launching_gives_form
72,5.0,5,https://www.psu.edu/news/research/story/battery-tech-breakthrough-paves-way-mass-adoption-affordable-electric-car/,Battery tech breakthrough paves way for mass adoption of affordable electric car,paves,adoption Battery car tech mass breakthrough way,0.0,0_powered_launching_gives_form
73,6.0,6,https://cleantechnica.com/2022/10/29/researchers-discover-substitutes-for-rare-earth-materials-in-magnets/,Researchers Discover Substitutes For Rare Earth Materials In Magnets,Discover,Researchers,0.0,0_powered_launching_gives_form
74,143.0,143,https://techcrunch.com/2018/06/25/darpa-ground-x-wheel-design/,DARPA design shifts round wheels to triangular tracks in a moving vehicle,round moving,design tracks vehicle shifts wheels,0.0,0_powered_launching_gives_form
75,142.0,142,https://www.cbsnews.com/news/robots-pick-strawberries-california/, The robot is doing the job Robots help pick strawberries in California amid droughtlabor shortage,pick doing,shortage droughtlabor job strawberries robot,0.0,0_powered_launching_gives_form
76,8.0,8,https://pv-magazine-usa.com/2022/10/13/global-polysilicon-capacities-may-nearly-double-by-end-of-2023-to-536-gw/,Global polysilicon capacities may nearly double by end ofto GW,double,polysilicon capacities end ofto,0.0,0_powered_launching_gives_form
77,161.0,161,https://www.cnbc.com/2022/09/27/chipotle-mexican-grill-will-test-robotic-tortilla-chip-maker-.html,Chipotle Mexican Grill will test robotic tortilla chip makerChippyin California restaurant,test,restaurant tortilla chip,0.0,0_powered_launching_gives_form
78,136.0,136,https://www.axios.com/2022/10/06/boston-dynamics-pledges-weaponize-robots,ExclusiveBoston Dynamics pledges not to weaponize its robots,weaponize pledges,robots,0.0,0_powered_launching_gives_form
79,9.0,9,https://electrek.co/2022/10/13/miners-cut-co2-emissions-in-half-switching-electric-vehicles/,Miners are cutting COemissions in half by switching to electric vehicles for extracting critical minerals,switching cutting extracting,minerals Miners half vehicles,0.0,0_powered_launching_gives_form
80,134.0,134,https://phys.org/news/2022-10-scientists-material-plastic-metal.html,Scientists discover material that can be made like a plastic but conducts like a metal,made discover conducts,plastic metal material Scientists,0.0,0_powered_launching_gives_form
81,163.0,163,https://techcrunch.com/2022/02/22/verdant-aims-to-be-the-robotic-king-of-carrot-weeders/,Verdant aims to be theroboticking of carrot weeders,aims theroboticking,weeders carrot,0.0,0_powered_launching_gives_form
82,132.0,132,https://www.reuters.com/lifestyle/science/meet-japans-cyborg-cockroach-coming-disaster-area-near-you-2022-09-21/,Meet Japan s cyborg cockroachcoming to disaster area near you,Meet cockroachcoming,area cyborg disaster,0.0,0_powered_launching_gives_form
83,131.0,131,https://www.engadget.com/zipline-drone-delivery-medicine-utah-114733625.html,Zipline drones will deliver medicine to communities in Utah,deliver,medicine drones communities,0.0,0_powered_launching_gives_form
84,202.0,202,https://www.vice.com/en/article/qjkwem/a-scientist-just-mathematically-proved-that-alien-life-in-the-universe-is-likely-to-exist,A Scientist Just Mathematically Proved That Alien Life In the Universe Is Likely to Exist,Proved Exist,Scientist,0.0,0_powered_launching_gives_form
85,164.0,164,https://techcrunch.com/2016/06/23/japans-e-commerce-leader-rakuten-gets-into-agriculture-tech/,Japan s e commerce leader Rakuten gets into agriculture tech,gets,agriculture e tech commerce leader,0.0,0_powered_launching_gives_form
86,167.0,167,https://www.theguardian.com/food/2022/sep/18/leading-the-whey-the-synthetic-milk-startups-shaking-up-the-dairy-industry,Leading the wheythe synthetic milk startups shaking up the dairy industry,shaking Leading,industry dairy milk startups,0.0,0_powered_launching_gives_form
87,95.0,95,https://techcrunch.com/2022/01/06/scanbo-non-invasive-blood-glucose/,How sweet is your bloodScanbo gives an answer without poking holes in you,poking gives,holes answer,0.0,0_powered_launching_gives_form
88,25.0,25,https://pv-magazine-usa.com/2022/10/24/chinas-solar-cell-production-capacity-may-reach-600-gw-by-year-end/,China s solar cell production capacity may reach GW by year end,reach,capacity cell production year end,0.0,0_powered_launching_gives_form
89,205.0,205,https://edition.cnn.com/2022/09/19/world/nasa-artemis-1-cryo-test-preview-scn/index.html,NASA s Artemis I mega moon rocket prepares for prelaunch test,mega,prepares rocket test moon prelaunch,0.0,0_powered_launching_gives_form
90,192.0,192,https://www.cnbc.com/2022/10/12/japanese-moon-company-ispace-launching-cargo-mission-in-november.html?utm_term=Autofeed&utm_medium=Social&utm_content=Main&utm_source=Twitter#Echobox=1665585387,Japanese lunar company ispace aims to launch first cargo mission to the moon next month,aims launch,company ispace cargo month mission moon,0.0,0_powered_launching_gives_form
91,34.0,34,https://www.igorslab.de/en/evga-pulls-the-plug-with-loud-bang-yet-it-has-long-been-editorial/,EVGA pulls the plug with a loud bangbut it has been stewing for a long time Editorial,pulls stewing,bangbut Editorial plug time,0.0,0_powered_launching_gives_form
92,94.0,94,https://elifesciences.org/articles/80315,Transient cell in cell formation underlies tumor relapse and resistance to immunotherapy,underlies,resistance immunotherapy cell formation tumor relapse,0.0,0_powered_launching_gives_form
93,183.0,183,https://techcrunch.com/2008/02/21/uks-new-badass-binocs-combo-infrared-gps-to-target-baddies-three-miles-away/,UK s new badass binocs combo infraredGPS to target baddies three miles away,target,miles baddies badass,0.0,0_powered_launching_gives_form
94,69.0,69,https://techcrunch.com/2022/03/01/zero-systems-gets-12m-series-a-to-bring-automation-to-professional-services/,Zero Systems getsM Series A to bring automation to professional services,bring,services automation,0.0,0_powered_launching_gives_form
95,184.0,184,https://www.space.com/james-webb-space-telescope-miri-glitch-september-2022,NASA investigating glitch on James Webb Space Telescope s ultracold camera,investigating,camera glitch,0.0,0_powered_launching_gives_form
96,73.0,73,https://techcrunch.com/2022/11/05/laid-off-climate-tech-is-looking-for-talent-and-founders/,Laid offClimate tech is looking for talent and founders,looking,tech talent founders,0.0,0_powered_launching_gives_form
97,35.0,35,https://techcrunch.com/2022/08/15/oil-and-gas-didnt-benefit-from-investor-largesse-in-recent-years-but-renewables-did/,Oil and gas didn t benefit from investor largesse in recent years but renewables did,did,Oil renewables benefit gas years investor,0.0,0_powered_launching_gives_form
98,37.0,37,https://electrek.co/2022/10/04/renewables-global-electricity/,Renewables metof the rise in global electricity demand in the first half of ,metof,electricity rise Renewables demand half,0.0,0_powered_launching_gives_form
99,38.0,38,https://www.tue.nl/en/news-and-events/news-overview/27-09-2022-four-terminal-perovskite-silicon-pv-tandem-devices-hit-30-efficiency/,Four terminal perovskite silicon PV tandem devices hit efficiency,hit,silicon efficiency tandem devices perovskite terminal,0.0,0_powered_launching_gives_form
100,63.0,63,https://techcrunch.com/2022/09/06/one-startups-solution-to-the-carbon-offsetting-mess-cut-out-the-middle-men-resellers/,One startup s solution to the carbon offsetting messDowngrade themiddle menresellers,offsetting,solution startup messDowngrade themiddle menresellers carbon,0.0,0_powered_launching_gives_form
101,40.0,40,https://www.transportenvironment.org/discover/carmakers-lifetime-emissions-50-higher-than-reported/,Carmakersglobal emissions higher than reported,reported,emissions,0.0,0_powered_launching_gives_form
102,191.0,191,https://www.inverse.com/science/nasa-ufo-uap-study-team-members,NASA announces its unidentified aerial phenomena research team to examine mysterious sightings,announces examine,phenomena team sightings research,0.0,0_powered_launching_gives_form
103,53.0,53,https://techcrunch.com/2022/06/10/meet-felix-williams-a-vc-who-started-his-own-firm-at-the-age-of-19/,Why Felix Williamswho started a VC firm at believes his youth gives him an advantage as an investor,believes started gives,advantage youth investor firm,0.0,0_powered_launching_gives_form
104,36.0,36,https://techcrunch.com/2022/10/06/form-energys-iron-air-battery-on-pace-for-2024-launch-with-450m-series-e/,Form Energy s iron air battery on pace forlaunch with M Series E,Form,battery forlaunch pace iron air,0.0,0_powered_launching_gives_form
105,74.0,74,https://techcrunch.com/2021/12/28/sectors-where-new-zealand-startups-are-poised-to-win/,Sectors where New Zealand startups are poised to win,poised win,startups,0.0,0_powered_launching_gives_form
106,196.0,196,https://www.space.com/dart-asteroid-mission-on-track-for-impact,DART asteroid smashing missionon track for an impactMondayNASA says,says smashing,track missionon asteroid,0.0,0_powered_launching_gives_form
107,27.0,27,https://www.cnn.com/2022/10/02/us/solar-babcock-ranch-florida-hurricane-ian-climate/index.html,Thissolar community endured Hurricane Ian with no loss of power and minimal damage,endured,loss community damage power,0.0,0_powered_launching_gives_form
108,174.0,174,https://www.cnbc.com/2022/10/24/beyond-meats-steak-substitute-coming-to-grocery-stores.html,Beyond Meat is rolling out its steak substitute in grocery stores,rolling,substitute stores steak grocery,0.0,0_powered_launching_gives_form
109,46.0,46,https://techcrunch.com/2020/02/09/hannah-seal-interview/,Index Fund s portfolio is driving long overdue innovation in femcare,driving,femcare innovation portfolio,0.0,0_powered_launching_gives_form
110,176.0,176,https://edition.cnn.com/2022/09/17/business-food/purple-tomato-gmo-scn-trnd/index.html,A newgenetically modified purple tomato may hit the grocery market stands,stands modified hit,grocery market tomato,0.0,0_powered_launching_gives_form
111,90.0,90,https://www.engadget.com/the-cutting-edge-cellular-therapies-aiming-to-ease-america-organ-shortage-140025730.html,The cutting edge cellular therapies aiming to ease America s organ shortage,aiming ease cutting,edge therapies shortage organ,0.0,0_powered_launching_gives_form
112,197.0,197,https://www.engadget.com/nasa-successfully-smacked-its-dart-impactor-spacecraft-into-an-asteroid-231706710.html,NASA successfully smacked its DART spacecraft into an asteroid,smacked,spacecraft asteroid,0.0,0_powered_launching_gives_form
113,88.0,88,https://www.technologyreview.com/2022/09/12/1059266/us-trial-cancer-blood-tests-early-detection/,The US is launching a trial for blood tests that promise to catch cancers earlier,promise launching catch,tests blood cancers trial,0.0,0_powered_launching_gives_form
114,47.0,47,https://techcrunch.com/2022/07/18/united-arab-emirates-launches-820m-fund-to-boost-domestic-space-economy/,United Arab Emirates launches M fund to boost domestic space economy,boost launches,fund economy space,0.0,0_powered_launching_gives_form
115,87.0,87,https://www.scientificamerican.com/article/a-supersmeller-can-detect-the-scent-of-parkinsons-leading-to-an-experimental-test-for-the-illness/,A Supersmeller Can Detect the Scent of Parkinson sLeading to an Experimental Test for the Illness,Detect,Scent Test,0.0,0_powered_launching_gives_form
116,49.0,49,https://www.vice.com/en/article/g5vwzq/the-pacific-ocean-is-shrinking-amasia-supercontinent,The Pacific Ocean Is Shrinking and Will Form a New SupercontinentScientists Say,Say Form,,0.0,0_powered_launching_gives_form
117,42.0,42,https://www.independent.co.uk/tech/solar-panel-world-record-window-b2211057.html,Record breaking transparent solar panels pave way for electricity generating windows,pave breaking,electricity generating Record windows panels way,0.0,0_powered_launching_gives_form
118,84.0,84,https://techcrunch.com/2020/12/21/the-us-wants-startups-to-get-a-piece-of-the-16-billion-spent-on-space-tech/,The US wants startups to get a piece of the billion spent on space tech,spent wants get,piece tech space startups,0.0,0_powered_launching_gives_form
119,30.0,30,https://apnews.com/article/business-kamala-harris-seattle-washington-pollution-16405c66d405103374d6f78db6ed2a04,More kids to ride incleanschool busesmostly electric,ride,kids,0.0,0_powered_launching_gives_form
120,193.0,193,https://www.zdnet.com/article/nasa-develops-a-tiny-high-powered-laser-to-find-water-on-the-moon/,NASA s new tinyhigh powered laser could find water on the Moon,find powered,Moon laser tinyhigh water,0.0,0_powered_launching_gives_form
121,31.0,31,https://techcrunch.com/2022/07/14/gridtential-thinks-the-og-renewable-battery-chemistry-is-ripe-for-disruption/,Gridtential thinks the OG renewable battery chemistry is ripe for disruption,thinks,battery chemistry disruption OG Gridtential,0.0,0_powered_launching_gives_form
122,78.0,78,https://techcrunch.com/2022/09/01/to-reach-fintechs-next-level-infrastructure-providers-must-address-these-pain-points/,To reach fintech s next levelinfrastructure providers must address these pain points,address reach,fintech levelinfrastructure providers pain points,0.0,0_powered_launching_gives_form
123,32.0,32,https://interestingengineering.com/innovation/china-worlds-largest-wind-farm,China to break its own recordWorld s new largest wind farm could powermillion homes,break powermillion,farm homes wind,0.0,0_powered_launching_gives_form
124,28.0,28,https://techcrunch.com/2016/10/07/poland-builds-a-solar-powered-bike-path-that-glows-a-ghostly-blue/,Poland builds a solar powered bike path that glows a ghostly blue,powered glows builds,bike path,0.0,0_powered_launching_gives_form
125,195.0,195,https://www.theverge.com/2022/9/30/23378231/usb-rebranding-2022-logos-gbps-wattage-charging-transfer-speeds-simplification-usb4-superspeed,USB kills off SuperSpeed branding as it tries to simplify its ubiquitous connector,tries simplify kills,connector USB branding,1.0,1_make_using_develop_built
126,190.0,190,https://www.zdnet.com/article/criminals-are-using-gps-jammers-to-hijack-trucks-and-down-drones/,GPS jammers are being used to hijack trucks and down dronesHow to stop them,used stop hijack,jammers trucks,1.0,1_make_using_develop_built
127,159.0,159,https://techcrunch.com/2021/09/14/agbiome-lands-166m-for-safer-crop-protection-technology/,AgBiome lands M for safer crop protection technology,lands,crop protection technology,1.0,1_make_using_develop_built
128,173.0,173,https://techcrunch.com/2022/04/25/ghanaian-agtech-farmerline-to-use-new-funding-to-strengthen-its-infrastructure-help-farmers-create-wealth/,Ghanaian agtech Farmerline to use new funding to strengthen its infrastructurehelp farmers create wealth,use create strengthen,wealth infrastructurehelp funding farmers agtech,1.0,1_make_using_develop_built
129,188.0,188,https://www.technologyreview.com/2022/10/21/1062001/spacex-starlink-signals-reverse-engineered-gps/,Starlink signals can be reverse engineered to work like GPS whether SpaceX likes it or not,engineered work likes,Starlink signals,1.0,1_make_using_develop_built
130,187.0,187,https://www.cnet.com/google-amp/news/nasas-webb-space-telescope-is-so-good-we-might-need-improved-planetary-models/,NASA s Webb Space Telescope Is So GoodWe Might Need Improved Planetary Models,Improved Need,,1.0,1_make_using_develop_built
131,168.0,168,https://techcrunch.com/2022/03/01/source-seed-funding/,Source makes greenhouses smarter to secure the future of food supply,makes secure,future greenhouses Source food supply,1.0,1_make_using_develop_built
132,181.0,181,https://techcrunch.com/2022/03/16/cooks-venture-found-podcast-vc-backed-chicken/,The VC backed chicken that s changing the way farmers breed and feed their livestock,changing feed backed breed,livestock way chicken farmers,1.0,1_make_using_develop_built
133,180.0,180,https://techcrunch.com/2019/06/24/scientists-discover-a-new-way-to-provide-plants-the-nutrients-they-need-to-thrive/,Scientists discover a new way to provide plants the nutrients they need to thrive,discover need thrive provide,way plants nutrients Scientists,1.0,1_make_using_develop_built
134,171.0,171,https://www.newscientist.com/article/2338447-face-recognition-technology-for-pigs-could-improve-welfare-on-farms/,Face recognition technology for pigs could improve welfare on farms,Face improve,pigs farms recognition technology welfare,1.0,1_make_using_develop_built
135,178.0,178,https://www.cnbc.com/2022/10/02/how-deere-plans-to-build-a-world-of-fully-autonomous-farming-by-2030.html,How John Deere plans to build a world of fully autonomous farming by ,plans build,farming world,1.0,1_make_using_develop_built
136,172.0,172,https://news.nus.edu.sg/novel-technique-to-grow-meat-in-the-lab-using-magnetic-field/,NUS scientists develop novel technique to grow meat in the lab using magnetic field,using develop grow,field scientists technique meat lab,1.0,1_make_using_develop_built
137,175.0,175,https://techcrunch.com/2022/10/19/labby-product-launch/,Labby wants to make milk healthier and cows happier with better sensors,cows wants make,sensors milk,1.0,1_make_using_develop_built
138,160.0,160,https://singularityhub.com/2022/10/26/from-pitless-cherries-to-softer-kale-this-startup-is-using-crispr-to-make-better-produce/,From Pitless Cherries to Softer KaleThis Startup Is Using CRISPR to Make Better Produce,Make Produce Using,,1.0,1_make_using_develop_built
139,166.0,166,https://techcrunch.com/2022/03/14/supplant-series-b/,SupPlant is an Internet of Trees solution dramatically reducing irrigation needs for thirsty crops,reducing,crops needs solution irrigation Internet,1.0,1_make_using_develop_built
140,0.0,0,https://www.npr.org/2022/10/30/1130239008/fires-from-exploding-e-bike-batteries-multiply-in-nyc-sometimes-fatally,Fires from exploding e bike batteries multiply in NYC sometimes fatally,multiply exploding,batteries bike Fires,1.0,1_make_using_develop_built
141,154.0,154,https://www.newswise.com/articles/engineers-discover-new-process-for-synthetic-material-growth-enabling-soft-robots-that-grow-like-plants,Engineers discover new process for synthetic material growthenabling soft robots that grow like plants,growthenabling discover grow,process robots Engineers material plants,1.0,1_make_using_develop_built
142,68.0,68,https://techcrunch.com/2022/03/21/to-raise-a-fund-this-agtech-outfit-built-a-content-company-first-now-it-has-60-million-to-put-to-work/,To raise a fundthis agtech outfit built a content company firstnow it has million to put to work ,put raise work has built,agtech content company outfit,1.0,1_make_using_develop_built
143,66.0,66,https://techcrunch.com/2021/09/29/energize-ventures-raises-330m-to-fund-energy-mobility-and-climate-resiliency-technology/,Energize Ventures raises M to fund energymobility and climate resiliency technology,fund raises,resiliency climate energymobility technology,1.0,1_make_using_develop_built
144,65.0,65,https://techcrunch.com/2022/07/21/luminar-lidar-ecarx-geely-china-ev/,Luminar to invest in Geely affiliated Ecarxeyes China market,invest affiliated,market Luminar,1.0,1_make_using_develop_built
145,58.0,58,https://www.ft.com/content/c08642f5-3aa3-447b-9028-c1c84b8e10fe,Airbus climbs past Boeing in single aisle market share,climbs,market share,1.0,1_make_using_develop_built
146,57.0,57,https://techcrunch.com/2022/09/02/an-action-plan-for-founders-fundraising-in-fintechs-choppy-waters/,An action plan for founders fundraising in fintech s choppy waters,fundraising,action waters plan founders,1.0,1_make_using_develop_built
147,56.0,56,https://techcrunch.com/2022/10/07/convective-capitals-35-million-answer-to-the-increasing-threat-of-wildfires/,Convective Capital s million answer to the increasing threat of wildfires,increasing,threat wildfires answer,1.0,1_make_using_develop_built
148,54.0,54,https://techcrunch.com/2022/06/09/shield-ai-raises-165m-at-a-2-3b-valuation-to-fuel-development-of-its-military-autonomous-flying-systems/,Shield AI raises M at a B valuation to fuel development of its military autonomous flying systems,fuel raises,systems flying valuation B development,1.0,1_make_using_develop_built
149,52.0,52,https://techcrunch.com/2022/08/02/identity-verification-company-youverify-extends-seed-funding-to-2-5m-as-it-expands-across-africa/,Identity verification company Youverify extends seed funding to M as it expands across Africa,expands extends,Identity company verification seed funding,1.0,1_make_using_develop_built
150,51.0,51,https://techcrunch.com/2022/10/12/2422480/,Carbon accounting platform acquired by Sage as climate tech heats up,acquired heats,platform climate accounting Carbon tech,1.0,1_make_using_develop_built
151,70.0,70,https://techcrunch.com/2022/08/08/5-reasons-why-ukraines-fintech-sector-is-growing-despite-war/,reasons why Ukraine s fintech sector is growing despite war,growing,fintech reasons sector war,1.0,1_make_using_develop_built
152,48.0,48,https://techcrunch.com/2022/08/31/solid-63m-embedded-fintech/,Solid banksM for easier deployment of embedded fintech products,embedded,fintech deployment products,1.0,1_make_using_develop_built
153,43.0,43,https://techxplore.com/news/2022-09-cobalt-free-cathode-lithium-ion-batteries.html,Researchers develop a cobalt free cathode for lithium ion batteries,develop,cathode batteries lithium Researchers ion cobalt,1.0,1_make_using_develop_built
154,33.0,33,https://techcrunch.com/2022/08/04/bill-gates-breakthrough-energy-terabase-robot-solar-farms/,Bill GatesBreakthrough Energy backs Terabase s robot built solar farms,built backs,farms robot,1.0,1_make_using_develop_built
155,26.0,26,https://www.zdnet.com/article/this-nasa-space-tech-could-make-your-ev-charge-faster-too/,This NASA space tech could make your EV charge fastertoo,make,fastertoo tech charge space,1.0,1_make_using_develop_built
156,24.0,24,https://apnews.com/article/technology-germany-europe-berlin-climate-and-environment-75afb2820d22c3d53b136b2ab2841767,Germany to massively expand electric car charging network,expand charging,car network,1.0,1_make_using_develop_built
157,23.0,23,https://www.businessinsider.com/evs-nasa-charged-electric-car-5-minutes-tech-2022-10,Electric vehicles could be charged within minutes thanks to tech developed by NASA for use in space,charged developed,vehicles space minutes tech use thanks,1.0,1_make_using_develop_built
158,19.0,19,https://reneweconomy.com.au/australia-can-slash-emissions-81-pct-by-2030-using-existing-technologies-report-says/,Australia can slash emissionspct byusing six existing technologiesreport says,byusing slash says existing,emissionspct technologiesreport,1.0,1_make_using_develop_built
159,11.0,11,https://www.engadget.com/gm-defense-ultium-prototype-battery-pack-military-dod-144524818.html,GM will make an Ultium battery pack prototype for the US military,make,battery pack military prototype,1.0,1_make_using_develop_built
160,10.0,10,https://www.pv-magazine.com/2022/10/27/5-cooling-down-solar-modules-by-increasing-space-between-panel-rows/,Cooling down solar modules by increasing space between panel rows,increasing Cooling,panel rows modules space,1.0,1_make_using_develop_built
161,2.0,2,https://techxplore.com/news/2022-11-window-coating-cool-energy.html,Clear window coating could cool buildings without using energy,cool using,coating buildings window energy,1.0,1_make_using_develop_built
162,44.0,44,https://techcrunch.com/2022/10/16/top-climate-tech-deals-net-nearly-4b-in-q3-outpacing-other-industries/,Top climate tech deals net nearly B in Q outpacing other industries,net outpacing,climate tech deals B industries,1.0,1_make_using_develop_built
163,155.0,155,https://scitechdaily.com/for-the-first-time-a-robot-has-learned-to-imagine-itself/,A swarm of tiny robots could soon brush and floss your teeth for you,brush floss,robots teeth swarm,1.0,1_make_using_develop_built
164,72.0,72,https://www.vice.com/en/article/akek7g/this-startup-is-selling-tech-to-make-call-center-workers-sound-like-white-americans,This Startup Is Selling Tech to Make Call Center Workers Sound Like White Americans,Make Selling,,1.0,1_make_using_develop_built
165,79.0,79,https://techcrunch.com/2022/07/28/heres-how-manchin-and-schumers-surprise-725-page-bill-could-boost-climate-tech/,Here s how Manchin and Schumer s surprise page bill could boost climate tech,boost climate s,page tech bill surprise,1.0,1_make_using_develop_built
166,152.0,152,https://techcrunch.com/2022/06/27/uks-magical-mushroom-company-uses-mycelium-to-replace-plastic-packaging/,UK s Magical Mushroom Company uses mycelium to replace plastic packaging,uses replace,mycelium packaging,1.0,1_make_using_develop_built
167,149.0,149,https://interestingengineering.com/innovation/startup-3d-print-homes-recyclable-plastics,This startupD prints tiny homes from recyclable plastics,prints,homes plastics,1.0,1_make_using_develop_built
168,140.0,140,https://techcrunch.com/2020/11/19/biomaterials-are-coming-to-pantyhose/,Genomatica s expanded Aquafil partnership brings biomaterials to more consumer goods,brings expanded,goods consumer biomaterials partnership,1.0,1_make_using_develop_built
169,138.0,138,https://techcrunch.com/2020/11/23/recycling-robotics-company-amp-robotics-could-raise-up-to-70-million-sources-say/,Recycling robotics company AMP Robotics could raise up toM,raise,Robotics company AMP Recycling robotics,1.0,1_make_using_develop_built
170,135.0,135,https://interestingengineering.com/innovation/farming-robot-lasers-200000-weeds-per-hour,This new farming robot uses lasers to kill weeds per hour,kill uses,farming hour weeds lasers robot,1.0,1_make_using_develop_built
171,133.0,133,https://www.globalconstructionreview.com/scientists-can-now-build-structures-with-swarms-of-flying-drones/,Scientists can now build structures with swarms of flying drones,build flying,structures drones swarms Scientists,1.0,1_make_using_develop_built
172,129.0,129,https://spectrum.ieee.org/smart-clothes-artificial-muscles,Artificial Muscles Woven Into Smart Textiles Could Make Clothing Hyperfunctional,Make Woven,Muscles,1.0,1_make_using_develop_built
173,127.0,127,https://techcrunch.com/2013/06/26/bendlay-3d-is-a-bendable-printing-filament-that-you-can-use-to-make-clear-flexible-straps-and-bands/,BENDLAYD Is A Bendable Printing Filament That You Can Use To Make ClearFlexible Straps And Bands,Use Make,Bands,1.0,1_make_using_develop_built
174,126.0,126,https://www.scimex.org/newsfeed/avoiding-extinction-some-asian-animals-found-thriving-near-humans,Avoiding extinctionSome Asian animals found thriving near humans,thriving found Avoiding,humans animals,1.0,1_make_using_develop_built
175,76.0,76,https://techcrunch.com/2022/11/04/how-to-land-investors-who-fund-game-changing-companies/,How to land investors who fund game changing companies,land fund changing,investors game companies,1.0,1_make_using_develop_built
176,125.0,125,https://www.cbsnews.com/news/plastic-recycling-failed-concept-us-greenpeace-study-5-percent-recycled-production-up/,Plastic recycling afailed concept study sayswith onlyrecycled in U Slast year as production rises,onlyrecycled rises,concept recycling production study year,1.0,1_make_using_develop_built
177,115.0,115,https://techcrunch.com/2021/08/25/zeits-early-warning-wearable-for-sleep-strokes-could-save-hours-and-lives/,Zeit s early warning wearable for sleep strokes could save hours and lives,save lives,sleep warning strokes hours,1.0,1_make_using_develop_built
178,113.0,113,https://www.cnn.com/2022/06/01/health/ghost-heart-life-itself-wellness/index.html, Ghost heart Built from the scaffolding of a pig and the patient s cellsthis cardiac breakthrough may soon be ready for transplant into humans,s Built,patient heart Ghost pig scaffolding breakthrough humans transplant,1.0,1_make_using_develop_built
179,103.0,103,https://www.theguardian.com/society/2022/sep/07/woman-who-can-smell-parkinsons-helps-scientists-develop-test, Woman who can smell Parkinson shelps scientists develop test,develop smell,scientists test shelps Woman,1.0,1_make_using_develop_built
180,96.0,96,https://www.inverse.com/mind-body/new-mrna-vaccine-universal-flu-shot,Scientists use mRNA technology to create a potent flu vaccine that could last for years,last use create,vaccine years technology flu Scientists,1.0,1_make_using_develop_built
181,93.0,93,https://www.newscientist.com/article/2342535-personal-lubricant-made-from-cow-mucus-may-protect-against-hiv/,Personal lubricant made from cow mucus may protect against HIV,made protect,lubricant cow mucus,1.0,1_make_using_develop_built
182,92.0,92,https://arstechnica.com/science/2022/10/a-bold-effort-to-cure-hiv-using-crispr/,A bold effort to cure HIV using Crispr,cure using,effort,1.0,1_make_using_develop_built
183,91.0,91,https://news.mit.edu/2022/sensors-face-masks-fit-1020,MIT engineers develop sensors for face masks that help gauge fit,gauge develop help,fit sensors engineers masks face,1.0,1_make_using_develop_built
184,89.0,89,https://www.nature.com/articles/d41586-022-02947-7,Scientists are using AI to dream up revolutionary new proteins,dream using,proteins Scientists,1.0,1_make_using_develop_built
185,80.0,80,https://techcrunch.com/2022/08/16/european-climate-vc-contrarian-targets-100-million-seed-fund/,Fromliterally zeroexperience to Mthis VC is raising his second climate tech seed fund,raising,climate seed fund tech zeroexperience,1.0,1_make_using_develop_built
186,119.0,119,https://www.thelancet.com/journals/lanhl/article/PIIS2666-7568(22)00095-2/fulltext#%20,Linking interdisciplinary and multiscale approaches to improve healthspan a new UK model for collaborative research networks in ageing biology and clinical translation,Linking improve ageing,approaches biology multiscale model interdisciplinary research translation networks,1.0,1_make_using_develop_built
187,100.0,100,https://techcrunch.com/2015/08/17/new-stretchy-electronics-will-help-us-stay-healthy-and-safe/,New Stretchy Electronics Will Help Us Stay Healthy And Safe,Help Stay,,1.0,1_make_using_develop_built
1,,1,https://www.pv-magazine.com/2022/10/27/new-solar-capacity-10-times-cheaper-than-gas-says-rystad/,New solar capacitytimes cheaper than gassays Rystad,,capacitytimes,,unassigend
12,,12,https://techxplore.com/news/2022-09-communication-less-scheme-microgrid-setup-recovery.html?utm_source=nwletter&utm_medium=email&utm_campaign=daily-nwletter,Communication less scheme streamlines microgrid setupsimplifies recovery,,microgrid setupsimplifies Communication scheme streamlines recovery,,unassigend
13,,13,https://techcrunch.com/2022/08/10/ford-locks-in-solar-energy-deal-with-dte-energy/,Ford locks in solar energy deal with DTE Energy,,locks deal energy,,unassigend
18,,18,https://newatlas.com/energy/aeromine-rooftop-wind/,Rooftop wind system deliversthe energy of solar per dollar,,energy system Rooftop wind dollar,,unassigend
59,,59,https://techcrunch.com/2022/10/10/fears-of-climate-tech-underinvestment-are-probably-overblown/,Fears of climate tech underinvestment are probably overblown,,underinvestment tech climate Fears,,unassigend
61,,61,https://techcrunch.com/2019/09/17/ironclad-raises-50m-series-c-round-for-its-digital-contracting-platform/,Ironclad raisesM Series C round for its digital contracting platform,,contracting platform round,,unassigend
83,,83,https://techcrunch.com/2022/09/09/climate-tech-is-a-hot-investment-in-2022-next-five-years-could-be-even-hotter/,Climate tech is a hot investment innext five years could be even hotter,,innext Climate tech years investment,,unassigend
114,,114,https://www.nejm.org/doi/full/10.1056/NEJMoa2208375,Effect of Colonoscopy Screening on Risks of Colorectal Cancer and Related Death,,Effect,,unassigend
116,,116,https://techcrunch.com/2016/12/07/this-artificial-iris-is-like-a-pair-of-programmable-shades-in-contact-lens-form/,Thisartificial irisis like a pair of programmable shades in contact lens form,,lens pair contact form irisis shades,,unassigend
117,,117,https://t.uga.edu/8sX,Local doctor implants one of the first wirelessdual chamber pacemakers,,doctor implants pacemakers chamber,,unassigend
118,,118,https://www.smithsonianmag.com/smart-news/this-wearable-ultrasound-sticker-can-continuously-image-organs-for-48-hours-180980504/,This Wearable Ultrasound Sticker Can Continuously Image Organs forHours,,,,unassigend
123,,123,https://www.freethink.com/technology/minimally-invasive-surgery,Robotic surgery is a game changer for minimally invasive surgery,,game surgery changer,,unassigend
124,,124,https://techcrunch.com/2022/10/07/flyfeed-angel-round/,FlyFeed flies in the face of the global food crisis,,crisis flies food face,,unassigend
137,,137,https://www.tomshardware.com/news/lithograhy-tool-russia-7nm-2028,Russian University Vows to Buildnm Chipmaking Tools,,,,unassigend
141,,141,https://spectrum.ieee.org/4d-printing-microscale,MicroD Printing Builds on Programmable Matter,,Matter,,unassigend
145,,145,https://www.cell.com/iscience/fulltext/S2589-0042(22)01513-9,Observed electric charge of insect swarms and their contribution to atmospheric electricity,,electricity contribution swarms charge insect,,unassigend
165,,165,https://techcrunch.com/2022/09/12/is-the-glass-half-empty-or-half-full-in-the-seed-market/,Is the glass half empty or half full in the seed market ,,glass market seed,,unassigend
182,,182,https://techcrunch.com/2022/07/19/crop-one-emirate-worlds-largest-vertical-farm-in-dubai/,Crop OneEmirate openworld s largest vertical farmin Dubai,,openworld,,unassigend
1,,1,https://www.pv-magazine.com/2022/10/27/new-solar-capacity-10-times-cheaper-than-gas-says-rystad/,New solar capacitytimes cheaper than gassays Rystad,,capacitytimes,,unassigend
12,,12,https://techxplore.com/news/2022-09-communication-less-scheme-microgrid-setup-recovery.html?utm_source=nwletter&utm_medium=email&utm_campaign=daily-nwletter,Communication less scheme streamlines microgrid setupsimplifies recovery,,microgrid setupsimplifies Communication scheme streamlines recovery,,unassigend
13,,13,https://techcrunch.com/2022/08/10/ford-locks-in-solar-energy-deal-with-dte-energy/,Ford locks in solar energy deal with DTE Energy,,locks deal energy,,unassigend
18,,18,https://newatlas.com/energy/aeromine-rooftop-wind/,Rooftop wind system deliversthe energy of solar per dollar,,energy system Rooftop wind dollar,,unassigend
59,,59,https://techcrunch.com/2022/10/10/fears-of-climate-tech-underinvestment-are-probably-overblown/,Fears of climate tech underinvestment are probably overblown,,underinvestment tech climate Fears,,unassigend
61,,61,https://techcrunch.com/2019/09/17/ironclad-raises-50m-series-c-round-for-its-digital-contracting-platform/,Ironclad raisesM Series C round for its digital contracting platform,,contracting platform round,,unassigend
83,,83,https://techcrunch.com/2022/09/09/climate-tech-is-a-hot-investment-in-2022-next-five-years-could-be-even-hotter/,Climate tech is a hot investment innext five years could be even hotter,,innext Climate tech years investment,,unassigend
114,,114,https://www.nejm.org/doi/full/10.1056/NEJMoa2208375,Effect of Colonoscopy Screening on Risks of Colorectal Cancer and Related Death,,Effect,,unassigend
116,,116,https://techcrunch.com/2016/12/07/this-artificial-iris-is-like-a-pair-of-programmable-shades-in-contact-lens-form/,Thisartificial irisis like a pair of programmable shades in contact lens form,,lens pair contact form irisis shades,,unassigend
117,,117,https://t.uga.edu/8sX,Local doctor implants one of the first wirelessdual chamber pacemakers,,doctor implants pacemakers chamber,,unassigend
118,,118,https://www.smithsonianmag.com/smart-news/this-wearable-ultrasound-sticker-can-continuously-image-organs-for-48-hours-180980504/,This Wearable Ultrasound Sticker Can Continuously Image Organs forHours,,,,unassigend
123,,123,https://www.freethink.com/technology/minimally-invasive-surgery,Robotic surgery is a game changer for minimally invasive surgery,,game surgery changer,,unassigend
124,,124,https://techcrunch.com/2022/10/07/flyfeed-angel-round/,FlyFeed flies in the face of the global food crisis,,crisis flies food face,,unassigend
137,,137,https://www.tomshardware.com/news/lithograhy-tool-russia-7nm-2028,Russian University Vows to Buildnm Chipmaking Tools,,,,unassigend
141,,141,https://spectrum.ieee.org/4d-printing-microscale,MicroD Printing Builds on Programmable Matter,,Matter,,unassigend
145,,145,https://www.cell.com/iscience/fulltext/S2589-0042(22)01513-9,Observed electric charge of insect swarms and their contribution to atmospheric electricity,,electricity contribution swarms charge insect,,unassigend
165,,165,https://techcrunch.com/2022/09/12/is-the-glass-half-empty-or-half-full-in-the-seed-market/,Is the glass half empty or half full in the seed market ,,glass market seed,,unassigend
182,,182,https://techcrunch.com/2022/07/19/crop-one-emirate-worlds-largest-vertical-farm-in-dubai/,Crop OneEmirate openworld s largest vertical farmin Dubai,,openworld,,unassigend
